{"count":1,"self":41.110067199999996,"total":42.5180748,"children":{"InitializeActuators":{"count":16,"self":0.003925,"total":0.003925,"children":null},"InitializeSensors":{"count":16,"self":0.000536,"total":0.000536,"children":null},"AgentSendState":{"count":1820,"self":0.075140699999999991,"total":0.34984149999999997,"children":{"CollectObservations":{"count":5824,"self":0.23845729999999998,"total":0.23845729999999998,"children":null},"WriteActionMask":{"count":5824,"self":0.0097959,"total":0.0097959,"children":null},"RequestDecision":{"count":5824,"self":0.026447599999999998,"total":0.026447599999999998,"children":null}}},"DecideAction":{"count":1820,"self":0.603449,"total":0.603449,"children":null},"AgentAct":{"count":1820,"self":0.44973599999999997,"total":0.44973599999999997,"children":null}},"gauges":{"3DBall.CumulativeReward":{"count":32,"max":-73.85957,"min":-136.620087,"runningAverage":-102.996094,"value":-101.371574,"weightedAverage":-104.701157}},"metadata":{"timer_format_version":"0.1.0","start_time_seconds":"1743455760","unity_version":"6000.0.34f1","command_line_arguments":"C:\\Programs\\Softwares\\Unity\\6000.0.34f1\\Editor\\Unity.exe -projectpath C:\\Data\\Projects\\Unity\\MAIZE -useHub -hubIPC -cloudEnvironment production","communication_protocol_version":"1.5.0","com.unity.ml-agents_version":"3.0.0","scene_name":"SampleScene","end_time_seconds":"1743455802"}}