{"count":1,"self":18473.8578432,"total":47551.654775899995,"children":{"InitializeActuators":{"count":1,"self":0.0010327,"total":0.0010327,"children":null},"InitializeSensors":{"count":1,"self":0.0010105,"total":0.0010105,"children":null},"AgentSendState":{"count":32113629,"self":116.0584576,"total":741.36306229999991,"children":{"CollectObservations":{"count":6422726,"self":413.4855424,"total":413.4855359,"children":null},"WriteActionMask":{"count":6422726,"self":13.7376048,"total":13.737604099999999,"children":null},"RequestDecision":{"count":6422726,"self":53.8684288,"total":198.08146789999998,"children":{"AgentInfo.ToProto":{"count":6422726,"self":42.3268704,"total":144.21303709999998,"children":{"GenerateSensorData":{"count":6422726,"self":101.8861632,"total":101.8861663,"children":null}}}}}}},"DecideAction":{"count":32113629,"self":27648.1900544,"total":27648.189379199997,"children":null},"AgentAct":{"count":32113629,"self":687.99247359999993,"total":688.1454513,"children":{"AgentInfo.ToProto":{"count":6648,"self":0.0474193,"total":0.1530028,"children":{"GenerateSensorData":{"count":6648,"self":0.1055835,"total":0.1055835,"children":null}}}}}},"gauges":{"3DBall.CumulativeReward":{"count":6648,"max":5964.96875,"min":-795.5,"runningAverage":927.1545,"value":-398.164337,"weightedAverage":-353.250244}},"metadata":{"timer_format_version":"0.1.0","start_time_seconds":"1743746497","unity_version":"6000.0.34f1","command_line_arguments":"C:\\Programs\\Softwares\\Unity\\6000.0.34f1\\Editor\\Unity.exe -projectpath C:\\Data\\Projects\\Unity\\MAIZE -useHub -hubIPC -cloudEnvironment production","communication_protocol_version":"1.5.0","com.unity.ml-agents_version":"3.0.0","scene_name":"SampleScene","end_time_seconds":"1743794043"}}